val_loss,val_acc,epoch,step,train_acc
0.6934193968772888,0.5625,0,0,
,,0,0,0.40625
0.7030431628227234,0.53125,1,1,
,,1,1,0.84375
0.715786337852478,0.5,2,2,
,,2,2,0.90625
0.7386151552200317,0.53125,3,3,
,,3,3,0.96875
0.7486401796340942,0.5,4,4,
,,4,4,0.96875
